Protein id	Contig id	Start	Stop	Strand	Element symbol	Element name	Scope	Type	Subtype	Class	Subclass	Method	Target length	Reference sequence length	% Coverage of reference	% Identity to reference	Alignment length	Closest reference accession	Closest reference name	HMM accession	HMM description
k99_10126_1	k99_10126	3	341	+	sat4	streptothricin N-acetyltransferase Sat4	core	AMR	AMR	STREPTOTHRICIN	STREPTOTHRICIN	PARTIAL_CONTIG_ENDP	113	180	62.78	99.12	113	WP_000627290.1	streptothricin N-acetyltransferase Sat4	NA	NA
k99_14593_1	k99_14593	2	649	-	tet(40)	tetracycline efflux MFS transporter Tet(40)	core	AMR	AMR	TETRACYCLINE	TETRACYCLINE	PARTIAL_CONTIG_ENDP	216	406	53.20	99.07	216	WP_009247026.1	tetracycline efflux MFS transporter Tet(40)	NA	NA
k99_16461_2	k99_16461	537	989	+	ant(6)-Ia	aminoglycoside nucleotidyltransferase ANT(6)-Ia	core	AMR	AMR	AMINOGLYCOSIDE	STREPTOMYCIN	PARTIAL_CONTIG_ENDP	151	287	52.61	100.00	151	WP_002294505.1	aminoglycoside nucleotidyltransferase ANT(6)-Ia	NA	NA
k99_18448_2	k99_18448	936	1712	-	aad9	ANT(9) family aminoglycoside nucleotidyltransferase	core	AMR	AMR	AMINOGLYCOSIDE	AMINOGLYCOSIDE	EXACTP	259	258	100.00	100.00	258	WP_002578722.1	ANT(9) family aminoglycoside nucleotidyltransferase	NF012212.1	ANT(9) family aminoglycoside nucleotidyltransferase
k99_20223_1	k99_20223	3	425	-	erm(G)	23S rRNA (adenine(2058)-N(6))-methyltransferase Erm(G)	core	AMR	AMR	LINCOSAMIDE/MACROLIDE/STREPTOGRAMIN	ERYTHROMYCIN/LINCOSAMIDE/STREPTOGRAMIN/TYLOSIN	PARTIAL_CONTIG_ENDP	141	244	57.79	100.00	141	WP_014387027.1	23S rRNA (adenine(2058)-N(6))-methyltransferase Erm(G)	NA	NA
k99_2130_1	k99_2130	170	1042	-	ant(6)	aminoglycoside 6-nucleotidyltransferase	core	AMR	AMR	AMINOGLYCOSIDE	STREPTOMYCIN	HMM	291	285	97.54	67.63	278	WP_003454325.1	aminoglycoside 6-nucleotidyltransferase	NF033084.2	aminoglycoside 6-nucleotidyltransferase
k99_22050_2	k99_22050	145	657	-	lnu(AN2)	lincosamide nucleotidyltransferase Lnu(AN2)	core	AMR	AMR	LINCOSAMIDE	LINCOSAMIDE	BLASTP	171	170	100.00	99.41	170	WP_004308783.1	lincosamide nucleotidyltransferase Lnu(AN2)	NF000153.1	lincosamide nucleotidyltransferase Lnu(AN2)
k99_22050_3	k99_22050	682	1887	-	mef(En2)	macrolide efflux MFS transporter Mef(En2)	core	AMR	AMR	MACROLIDE	MACROLIDE	BLASTP	402	401	100.00	99.25	401	WP_063853729.1	macrolide efflux MFS transporter Mef(En2)	NF000154.1	macrolide efflux MFS transporter Mef(En2)
k99_24624_1	k99_24624	28	765	+	erm(B)	23S rRNA (adenine(2058)-N(6))-methyltransferase Erm(B)	core	AMR	AMR	LINCOSAMIDE/MACROLIDE/STREPTOGRAMIN	CLINDAMYCIN/ERYTHROMYCIN/STREPTOGRAMIN B	BLASTP	246	245	100.00	99.59	245	WP_001038795.1	23S rRNA (adenine(2058)-N(6))-methyltransferase Erm(B)	NF012220.1	23S rRNA (adenine(2058)-N(6))-methyltransferase Erm(B)
k99_28387_3	k99_28387	1036	2253	-	mef(A)	macrolide efflux MFS transporter Mef(A)	core	AMR	AMR	MACROLIDE	AZITHROMYCIN/ERYTHROMYCIN	INTERNAL_STOP	406	408	99.26	99.01	405	WP_012102963.1	macrolide efflux MFS transporter Mef(A)	NF000245.1	macrolide efflux MFS transporter Mef(A)
k99_30003_5	k99_30003	3262	4128	+	aadE	aminoglycoside 6-adenylyltransferase AadE	core	AMR	AMR	AMINOGLYCOSIDE	STREPTOMYCIN	EXACTP	289	288	100.00	100.00	288	WP_001255868.1	aminoglycoside 6-adenylyltransferase AadE	NF033084.2	aminoglycoside 6-nucleotidyltransferase
k99_30857_1	k99_30857	157	1152	+	cfxA6	broad-spectrum class A beta-lactamase CfxA6	core	AMR	AMR	BETA-LACTAM	BETA-LACTAM	BLASTP	332	320	100.00	99.06	320	WP_117664257.1	broad-spectrum class A beta-lactamase CfxA6	NF033100.1	CfxA family broad-spectrum class A beta-lactamase
k99_31155_2	k99_31155	254	568	-	nimJ	5-nitroimidazole reductase NimJ	core	AMR	AMR	NITROIMIDAZOLE	NITROIMIDAZOLE	PARTIAL_CONTIG_ENDP	105	165	63.03	99.04	104	WP_005812825.1	5-nitroimidazole reductase NimJ	NA	NA
k99_31636_2	k99_31636	1302	1796	+	lnu(C)	lincosamide nucleotidyltransferase Lnu(C)	core	AMR	AMR	LINCOSAMIDE	LINCOSAMIDE	BLASTP	165	164	100.00	98.17	164	WP_063851341.1	lincosamide nucleotidyltransferase Lnu(C)	NF000141.1	lincosamide nucleotidyltransferase Lnu(C)
k99_32446_9	k99_32446	4502	5962	+	lsa	Lsa family ABC-F type ribosomal protection protein	core	AMR	AMR	LINCOSAMIDE/STREPTOGRAMIN	LINCOSAMIDE/STREPTOGRAMIN	HMM	487	492	100.00	68.29	492	WP_011133547.1	Lsa family ABC-F type ribosomal protection protein	NF000167.2	Lsa family ABC-F type ribosomal protection protein
k99_328_3	k99_328	493	1293	+	erm(F)	23S rRNA (adenine(2058)-N(6))-methyltransferase Erm(F)	core	AMR	AMR	LINCOSAMIDE/MACROLIDE/STREPTOGRAMIN	CLINDAMYCIN/MACROLIDE/STREPTOGRAMIN	BLASTP	267	266	100.00	99.62	266	WP_002682030.1	23S rRNA (adenine(2058)-N(6))-methyltransferase Erm(F)	NF012223.0	23S rRNA (adenine(2058)-N(6))-methyltransferase Erm(F)
k99_3378_1	k99_3378	126	920	-	aph(3')-IIIa	aminoglycoside O-phosphotransferase APH(3')-IIIa	core	AMR	AMR	AMINOGLYCOSIDE	AMIKACIN/KANAMYCIN	EXACTP	265	264	100.00	100.00	264	WP_001096887.1	aminoglycoside O-phosphotransferase APH(3')-IIIa	NF033064.0	aminoglycoside O-phosphotransferase APH(3')-IIIa
k99_377_2	k99_377	448	2370	-	tet(44)	tetracycline resistance ribosomal protection protein Tet(44)	core	AMR	AMR	TETRACYCLINE	TETRACYCLINE	BLASTP	641	640	100.00	98.91	640	WP_063855884.1	tetracycline resistance ribosomal protection protein Tet(44)	NF033148.1	TetM/TetW/TetO/TetS family tetracycline resistance ribosomal protection protein
k99_515_1	k99_515	3	1763	-	tet(Q)	tetracycline resistance ribosomal protection protein Tet(Q)	core	AMR	AMR	TETRACYCLINE	TETRACYCLINE	BLASTP	587	641	91.58	98.47	587	WP_002560998.1	tetracycline resistance ribosomal protection protein Tet(Q)	NF012153.1	tetracycline resistance ribosomal protection protein
k99_5165_1	k99_5165	113	436	+	aac(6')-E111	aminoglycoside 6'-N-acetyltransferase AAC(6')-E111	core	AMR	AMR	AMINOGLYCOSIDE	AMIKACIN/KANAMYCIN/TOBRAMYCIN	PARTIAL_CONTIG_ENDP	108	144	75.00	99.07	108	WP_065217783.1	aminoglycoside 6'-N-acetyltransferase AAC(6')-E111	NA	NA
NA	k99_557	39	890	+	blaACI-1	extended-spectrum class A beta-lactamase ACI-1	core	AMR	AMR	BETA-LACTAM	CEPHALOSPORIN	ALLELEX	284	284	100.00	100.00	284	WP_006555379.1	extended-spectrum class A beta-lactamase ACI-1	NF000448.2	ACI family class A beta-lactamase
k99_6627_1	k99_6627	39	1004	-	cfxA	CfxA family broad-spectrum class A beta-lactamase	core	AMR	AMR	BETA-LACTAM	BETA-LACTAM	BLASTP	322	321	100.00	99.38	321	WP_004339683.1	CfxA family broad-spectrum class A beta-lactamase	NF033100.1	CfxA family broad-spectrum class A beta-lactamase
